Workbook

Sheet Лист1
A1: ШАБЛОН АКТОВ ГНБ — Лист1 (заполняется ботом)
A2: ИДЕНТИФИКАЦИЯ
A3: Наименование объекта (КЛ ГНБ) | B3: «ПКЛ 20 кВ от РП 1-45 до ПС 220 кВ Золотаревская (786); ПКЛ 20 кВ от РП 1-45 до ПС 220 кВ Красносельская (868); РП 1-45»
A4: Название стройки / объект | B4: Закрытый переход методом ГНБ №35.1
A5: Адрес | B5: г. Москва, Пресненский Вал, д. 5
A6: Номер ГНБ перехода | B6: ЗП № 35
A7: Номер/шифр проекта | B7: № 1146-КС-21-ЭС2
A8: Дата начала работ | B8: «12» февраля 2026 г.
A9: Дата окончания работ | B9: «26» февраля 2026 г.
A10: Исполнитель (организация) | B10: ООО «СПЕЦИНЖСТРОЙ»
A11: Дата завершения работ | B11: «26» февраля 2026 г.
A13: ОРГАНИЗАЦИИ
A14: Заказчик
A15: Подрядчик | B15: ООО «СПЕЦИНЖСТРОЙ» ОГРН 1167847487444, ИНН 7806258664, 123001, город Москва, вн. тер.г. муниципальный округ Пресненский, улица Садовая-Кудринская, д.25, помещ. 2/4 тел. +7(499) 113-08-80, СРО Ассоциация «Объединение строительных организаций «ЭкспертСтрой»», ОГРН 1127799010668, ИНН 7708240612
A16: Проектировщик | B16: ООО «СПЕЦИНЖСТРОЙ» ОГРН 1167847487444, ИНН 7806258664, 123001, город Москва, вн. тер.г. муниципальный округ Пресненский, улица Садовая-Кудринская, д.25, помещ. 2/4 тел. +7(499) 113-08-80, СРО Ассоциация «Объединение проектных организаций «ЭкспертПроект»», ОГРН 1127799020480, ИНН 7707491081
A18: ПОДПИСАНТЫ
A19: Кто | B19: Описание (организация + должность + ФИО) | C19: Подпись для актов (с чертой)
A20: Подписант 1 (заказчик) | B20: АО "ОЭК" | C20: инженер ЦРЭС Селиванов В.Ю.
A21: Подписант 2 (подрядчик) | B21: ООО «СПЕЦИНЖСТРОЙ» | C21: Начальник участка приказ №180/2 от 03.07.2024г. Щеглов Р.А.
A22: Подписант 3 (опцион.) | B22: ООО «СПЕЦИНЖСТРОЙ» | C22: Главный инженер НРС № С 77 19151 от 31.05.2019 приказ №180/2 от 03.07.2024г. Долодонов В.И.
A23: Тех.надзор (= подп. 1?) | C23: — Гайдуков
A24: Подписант 3: если пусто — не печатается на листах
A25: ТРУБА
A26: Марка трубы (полная, с паспортом) | B26: Труба ЭЛЕКТРОПАЙП 225/170 - N 1250 F2 SDR 13,6 (паспорт качества №12393 от 06.10.2025г, сертификат соответствия №РОСС RU.НВ24.АПТС Н00180/24 с 04.07.2024)
A27: Диаметр трубы
A29: ПАРАМЕТРЫ ГНБ
A30: Номер ГНБ | B30: L план | C30: L профиль | D30: Кол-во труб | E30: L трубы | F30: d скв | G30: Конфигурация | H30: Стыки
A31: ЗП № 35 | B31: 120 | C31: 125 | D31: 2 | E31: =C31*D31 -> 85.92 | F31: 650 | H31: =E31/13 -> 6.6092308
A32: ↑ Данные из этой таблицы используются в АОСР

Sheet Разбивка
B1: Заказчик: | C1: =Лист1!B14 -> ГКУ «УДМС»
B2: Подрядчик: | C2: =Лист1!B15 -> ООО «Резонанс-Энерго»
B3: Объект: | C3: =Лист1!B4 -> "Строительство улично-дорожной сети с искусственными сооружениями и переустройством инженерных коммуникаций на участке от ул. Маршала Шестопалова до Павелецкого направления Московской железной дороги"
B4: Дата: | C4: =Лист1!B11 -> 03.06.2024 г.
A6: АКТ
A7: разбивки закрытого перехода методом ГНБ
A9: Комиссия в составе представителей:
A11: Инженер-геодезист ООО "Резонанс-Энерго" Минаков Н.А.
A12: =Лист1!B21 -> Начальник участка ООО «Резонанс-Энерго» Борков Е.А
A13: Представитель ЮРЭС АО "ОЭК"
A14: составили настоящий акт о том, что произведена геодезическая разбивка закрытого перехода | J14: =Лист1!B6 -> ГНБ № 10-1С
A15: выполняемого методом ГНБ | D15: =Лист1!B5 -> По адресу: г. Москва, ул. Кантемировская, д.60
A17: Выполнены следующие работы:
A18: -привязка и разбивка приемного и рабочего котлованов к зданиям и сооружениям;
A19: -геодезическая разбивка осей перехода;
A21: Геодезические работы на устройство закрытого перехода | F21: =Лист1!B6 -> ГНБ № 10-1С | I21: методом ГНБ выполнены
A22: в соответствии с СП 126.13330.2017 Геодезические работы в строительстве.
A28: =Лист1!C21 -> Начальник участка ООО «Резонанс-Энерго» ______________________Борков Е.А
A31: =Лист1!C22 -> Инженер-геодезист ООО «Резонанс-Энерго» ______________________Минаков Н.А.
A33: Представитель ЮРЭС АО "ОЭК" ________________

Sheet Герметизация
B1: Заказчик: | C1: =Лист1!B14 -> ГКУ «УДМС»
B2: Генподрядчик: | C2: =Лист1!B15 -> ООО «Резонанс-Энерго»
B3: Объект: | C3: =Лист1!B4 -> "Строительство улично-дорожной сети с искусственными сооружениями и переустройством инженерных коммуникаций на участке от ул. Маршала Шестопалова до Павелецкого направления Московской железной дороги"
B4: Дата: | C4: =Лист1!B11 -> 03.06.2024 г.
A6: АКТ
A7: герметизации концов труб закрытого перехода
A9: Комиссия в составе представителей:
A11: =Лист1!B20 -> Представитель ЮРЭС АО "ОЭК"
A12: =Лист1!B21 -> Начальник участка ООО «Резонанс-Энерго» Борков Е.А
A14: Произвела осмотр работ выполненных | E14: =Лист1!B10 -> ООО «Резонанс-Энерго»
A15: и составила настоящий акт о нижеследующем:
A16: 1. К освидетельствованию и приемке предъявлены следующие работы
A17: Герметизация концов труб закрытого перехода | F17: =Лист1!B6 -> ГНБ № 10-1С | I17: выполненного методом ГНБ
A18: Расположенного | C18: =Лист1!B5 -> По адресу: г. Москва, ул. Кантемировская, д.60
A20: 2. Работы выполнены по проекту | D20: =Лист1!B16 -> АО "МОСИНЖПРОЕКТ" | G20: Шифр: | H20: =Лист1!B7 -> ИМ-19-4-Р-3.2Э-ЗП2
A22: 3. При выполнении работ применены заглушки | E22: =Лист1!B27 -> d=110 мм.
A24: 4. Дата начала работ | D24: =Лист1!B8 -> 01.06.2024 г.
A26: 5. Дата окончания работ | D26: =Лист1!B9 -> 03.06.2024 г.
A28: РЕШЕНИЕ КОМИССИИ
A29: Работы выполнены в соответствии с проектом, стандартами, строительными нормами и отвечают требованиям их приемки.
A30: На основании изложенного разрешается обратная засыпка приемного и рабочего котлована строительным песком.
A35: =Лист1!C20 -> Представитель Южного РЭС АО "ОЭК" ____________________
A37: =Лист1!C21 -> Начальник участка ООО «Резонанс-Энерго» ______________________Борков Е.А

Sheet АОСР 
B1: Заказчик: | C1: =Лист1!B14 -> ГКУ «УДМС»
B2: Генподрядчик: | C2: =Лист1!B15 -> ООО «Резонанс-Энерго»
B3: Объект: | C3: =Лист1!B4 -> "Строительство улично-дорожной сети с искусственными сооружениями и переустройством инженерных коммуникаций на участке от ул. Маршала Шестопалова до Павелецкого направления Московской железной дороги"
B4: Дата: | C4: =Лист1!B11 -> 03.06.2024 г.
A6: АКТ
A7: На скрытые работы закрытого перехода выполненного методом ГНБ
A9: Комиссия в составе представителей:
A11: =Лист1!B20 -> Представитель ЮРЭС АО "ОЭК"
A12: =Лист1!B21 -> Начальник участка ООО «Резонанс-Энерго» Борков Е.А
A14: составили настоящий акт о том, что осмотрены выполненные работы по строительству закрытого перехода
A15: =Лист1!B6 -> ГНБ № 10-1С | D15: методом ГНБ | F15: =Лист1!B5 -> По адресу: г. Москва, ул. Кантемировская, д.60
A17: При осмотре установлено:
A18: 1. | B18: Длина закрытого перехода | D18: =Лист1!A31 -> ГНБ № 10-1С | E18: по плану | F18: =Лист1!B31 -> 40.81 | G18: по профилю | H18: =Лист1!C31 -> 42.96
A19: 2 | B19: Количество трубоканалов | D19: =Лист1!A31 -> ГНБ № 10-1С | E19: =Лист1!D31 -> 2
A20: 3 | B20: Общая длина трубоканалов | D20: =Лист1!A31 -> ГНБ № 10-1С | E20: =Лист1!E31 -> 85.92
A21: 4 | B21: Труба марки | D21: =Лист1!B26 -> Труба "ПЭ тип "С" 110*6,3 техническая (L012) (паспорт качества от 23.08.2021г.)
A22: 5 | B22: Заглушки установлены
A23: 6 | B23: Трубоканалы пронумерованы, загерметизированы и проходимы
A24: 7 | B24: Работы выполнены согласно проекта с качеством, удовлетворяющим заказчика
A26: Работы по устройство закрытого перехода | E26: =Лист1!B6 -> ГНБ № 10-1С | H26: методом ГНБ выполнены в соответствии
A27: с СП 48.13330.2019 СНиП 12.01-2004 Организация строительства.
A32: =Лист1!C20 -> Представитель Южного РЭС АО "ОЭК" ____________________
A34: =Лист1!C21 -> Начальник участка ООО «Резонанс-Энерго» ______________________Борков Е.А

Sheet Надзор
B1: Заказчик: | C1: =Лист1!B14 -> ГКУ «УДМС»
B2: Генподрядчик: | C2: =Лист1!B15 -> ООО «Резонанс-Энерго»
B3: Объект: | C3: =Лист1!B4 -> "Строительство улично-дорожной сети с искусственными сооружениями и переустройством инженерных коммуникаций на участке от ул. Маршала Шестопалова до Павелецкого направления Московской железной дороги"
B4: Дата: | C4: =Лист1!B11 -> 03.06.2024 г.
A6: АКТ
A7: Технического надзора по устройству закрытого перехода методом ГНБ
A9: Комиссия в составе представителей:
A11: =Лист1!B20 -> Представитель ЮРЭС АО "ОЭК"
A12: =Лист1!B21 -> Начальник участка ООО «Резонанс-Энерго» Борков Е.А
A14: Произвела осмотр работ выполненных | E14: =Лист1!B10 -> ООО «Резонанс-Энерго»
A15: 1. Устройство закрытого перехода методом ГНБ | E15: =Лист1!B6 -> ГНБ № 10-1С
A16: производилось под непрерывным техническим надзором персонала
A17: =Лист1!B23 -> Представитель Южного РЭС АО "ОЭК" и АО "ОЭК" | H17: Все технические указания
A18: уполномоченных лиц выполнены в полном объеме в соответствии с правилами устройства закрытых переходов
A19: и производственных инструкций.
A20: Технические хар-ки ГНБ Машины: DDW 36/13 , мощностью, кВт – 140
A21: Качество работ удовлетворительно.
A23: 2. Работы выполнены по проекту | D23: =Лист1!B16 -> АО "МОСИНЖПРОЕКТ" | G23: Шифр: | H23: =Лист1!B7 -> ИМ-19-4-Р-3.2Э-ЗП2
A25: 3. При выполнении работ применены Трубы | E25: =Лист1!B26 -> Труба "ПЭ тип "С" 110*6,3 техническая (L012) (паспорт качества от 23.08.2021г.)
A27: 4. Дата начала работ | D27: =Лист1!B8 -> 01.06.2024 г.
A29: 5. Дата окончания работ | D29: =Лист1!B9 -> 03.06.2024 г.
A31: РЕШЕНИЕ КОМИССИИ
A32: Работы выполнены в соответствии с проектом, стандартами, строительными нормами и отвечают требованиям их приемки.
A33: На основании изложенного разрешается производство последующих работ по прокладке кабельной линии
A37: =Лист1!C20 -> Представитель Южного РЭС АО "ОЭК" ____________________
A39: =Лист1!C21 -> Начальник участка ООО «Резонанс-Энерго» ______________________Борков Е.А

Sheet Приемка
B1: Заказчик: | C1: =Лист1!B14 -> ГКУ «УДМС»
B2: Генподрядчик: | C2: =Лист1!B15 -> ООО «Резонанс-Энерго»
B3: Объект: | C3: =Лист1!B4 -> "Строительство улично-дорожной сети с искусственными сооружениями и переустройством инженерных коммуникаций на участке от ул. Маршала Шестопалова до Павелецкого направления Московской железной дороги"
B4: Дата: | C4: =Лист1!B11 -> 03.06.2024 г.
A6: АКТ
A7: технической приемки готового закрытого перехода
A9: Комиссия в составе представителей:
A11: =Лист1!B20 -> Представитель ЮРЭС АО "ОЭК"
A12: =Лист1!B21 -> Начальник участка ООО «Резонанс-Энерго» Борков Е.А
A14: Произвела осмотр работ выполненных | E14: =Лист1!B10 -> ООО «Резонанс-Энерго»
A15: и составила настоящий акт о нижеследующем:
A16: 1. К освидетельствованию и приемке предъявлены следующие работы
A17: устройство закрытого перехода | D17: =Лист1!B6 -> ГНБ № 10-1С | G17: методом ГНБ
A18: =Лист1!B5 -> По адресу: г. Москва, ул. Кантемировская, д.60
A20: 2. Работы выполнены по проекту | D20: =Лист1!B16 -> АО "МОСИНЖПРОЕКТ" | G20: Шифр: | H20: =Лист1!B7 -> ИМ-19-4-Р-3.2Э-ЗП2
A22: 3. Дата начала работ | D22: =Лист1!B8 -> 01.06.2024 г.
A24: 4. Дата окончания работ | D24: =Лист1!B9 -> 03.06.2024 г.
A26: РЕШЕНИЕ КОМИССИИ
A27: Работы выполнены в соответствии с проектом, стандартами, строительными нормами и отвечают требованиям их приемки.
A28: На основании изложенного разрешается производство последующих работ по прокладке кабельной линии
A33: =Лист1!C20 -> Представитель Южного РЭС АО "ОЭК" ____________________
A35: =Лист1!C21 -> Начальник участка ООО «Резонанс-Энерго» ______________________Борков Е.А

Sheet ПП
B1: Заказчик: | C1: =Лист1!B14 -> ГКУ «УДМС»
B2: Генподрядчик: | C2: =Лист1!B15 -> ООО «Резонанс-Энерго»
B3: Объект: | C3: =Лист1!B4 -> "Строительство улично-дорожной сети с искусственными сооружениями и переустройством инженерных коммуникаций на участке от ул. Маршала Шестопалова до Павелецкого направления Московской железной дороги"
B4: Дата: | C4: =Лист1!B11 -> 03.06.2024 г.
A6: АКТ
A7: сдачи-приемки сооружения под прокладку КЛ
A9: Комиссия в составе представителей:
A11: =Лист1!B20 -> Представитель ЮРЭС АО "ОЭК"
A12: =Лист1!B21 -> Начальник участка ООО «Резонанс-Энерго» Борков Е.А
A14: Произвела осмотр работ выполненных | E14: =Лист1!B10 -> ООО «Резонанс-Энерго»
A15: и составила настоящий акт о нижеследующем:
A16: 1. К освидетельствованию и приемке предъявлены следующие работы
A17: Строительство закрытого перехода | D17: =Лист1!B6 -> ГНБ № 10-1С | H17: выполненного методом ГНБ
A18: Расположенного | C18: =Лист1!B5 -> По адресу: г. Москва, ул. Кантемировская, д.60
A20: 2. Работы выполнены по проекту | D20: =Лист1!B16 -> АО "МОСИНЖПРОЕКТ" | G20: Шифр: | H20: =Лист1!B7 -> ИМ-19-4-Р-3.2Э-ЗП2
A22: 3. При выполнении работ применена труба | E22: =Лист1!B26 -> Труба "ПЭ тип "С" 110*6,3 техническая (L012) (паспорт качества от 23.08.2021г.)
A24: 4. При выполнении работ применены заглушки | E24: =Лист1!B27 -> d=110 мм.
A26: 5. Дата начала работ | D26: =Лист1!B8 -> 01.06.2024 г.
A28: 6. Дата окончания работ | D28: =Лист1!B9 -> 03.06.2024 г.
A30: РЕШЕНИЕ КОМИССИИ
A31: Работы выполнены в соответствии с проектом, стандартами, строительными нормами и отвечают требованиям их приемки.
A32: На основании изложенного разрешается производство последующих работ по прокладке кабельной линии
A36: =Лист1!C20 -> Представитель Южного РЭС АО "ОЭК" ____________________
A38: =Лист1!C21 -> Начальник участка ООО «Резонанс-Энерго» ______________________Борков Е.А

Sheet Акт освид
A1: АКТ
A2: освидетельствования скрытых работ
A4: г. Москва | G4: =Лист1!B11 -> 03.06.2024 г.
A6: Сооружение закрытого перехода | F6: =Лист1!B3 -> ГНБ 10-1С г. Москва, ул. Кантемировская, д.60
A7: (наименование работ)
A9: =Лист1!B4 -> "Строительство улично-дорожной сети с искусственными сооружениями и переустройством инженерных коммуникаций на участке от ул. Маршала Шестопалова до Павелецкого направления Московской железной дороги"
A10: (наименование здания, сооружения)
A11: =Лист1!B5 -> По адресу: г. Москва, ул. Кантемировская, д.60
A12: (район застройки, квартал, улица, № дома и корпуса)
A13: Комиссия в составе | C13: =Лист1!B23 -> Представитель Южного РЭС АО "ОЭК" и АО "ОЭК"
A14: представителей: | C14: =Лист1!B20 -> Представитель ЮРЭС АО "ОЭК"
A15: Ф.И.О., организация) | C15: =Лист1!B21 -> Начальник участка ООО «Резонанс-Энерго» Борков Е.А
C16: =Лист1!B22
A18: Произвела осмотр работ выполненных | E18: =Лист1!B10 -> ООО «Резонанс-Энерго»
A19: и составила настоящий акт о нижеследующем:
B20: 1. К освидетельствованию и приемке предъявлены следующие работы_______________________.
A22: Устройство закрытого перехода | F22: =Лист1!B6 -> ГНБ № 10-1С
A23: (наименование скрытых работ)
B24: 2. Работы выполнены по проекту | F24: =Лист1!B7 -> ИМ-19-4-Р-3.2Э-ЗП2
A26: =Лист1!B16 -> АО "МОСИНЖПРОЕКТ"
A27: (проект серии, наименование проектной организации, № чертежей и дата их составления)
B28: 3. При выполнении работ применены следующие материалы:
A29: заглушки 225 мм трубы проходимы; капроновый шнур затянут; заглушки установлены
A30: (наименование материалов, конструкций с указанием марки, типа, категории качества и т.п.)
B31: 4. Дата начала работ | E31: =Лист1!B8 -> 01.06.2024 г.
B33: 5. Дата окончания работ | E33: =Лист1!B9 -> 03.06.2024 г.
A35: РЕШЕНИЕ КОМИССИИ
B37: Работы выполнены в соответствии с проектом, стандартами, строительными нормами и
A38: отвечают требованиям их приемки.
B39: На основании изложенного разрешается производство работ по устройству (монтажу)
A40: прокладку эл. кабеля в закрытый переход
B42: =Лист1!B20 -> Представитель ЮРЭС АО "ОЭК"
B43: =Лист1!B23 -> Представитель Южного РЭС АО "ОЭК" и АО "ОЭК"
B44: =Лист1!B21 -> Начальник участка ООО «Резонанс-Энерго» Борков Е.А
B45: =Лист1!B22

Sheet Соосность
B1: Заказчик: | C1: =Лист1!B14 -> ГКУ «УДМС»
B2: Генподрядчик: | C2: =Лист1!B15 -> ООО «Резонанс-Энерго»
B3: Объект: | C3: =Лист1!B4 -> "Строительство улично-дорожной сети с искусственными сооружениями и переустройством инженерных коммуникаций на участке от ул. Маршала Шестопалова до Павелецкого направления Московской железной дороги"
B4: Дата: | C4: =Лист1!B11 -> 03.06.2024 г.
A6: АКТ
A7: проверки трубных переходов на соосность
A9: Комиссия в составе представителей:
A11: =Лист1!B20 -> Представитель ЮРЭС АО "ОЭК"
A12: =Лист1!B21 -> Начальник участка ООО «Резонанс-Энерго» Борков Е.А
A14: Произвела осмотр работ выполненных | E14: =Лист1!B10 -> ООО «Резонанс-Энерго»
A15: и составила настоящий акт о нижеследующем:
A16: 1. К освидетельствованию и приемке предъявлены следующие работы
A17: проверка на соосность труб закрытого перехода | F17: =Лист1!B6 -> ГНБ № 10-1С | I17: выполненного методом ГНБ
A18: Расположенного | C18: =Лист1!B5 -> По адресу: г. Москва, ул. Кантемировская, д.60
A20: 2. Работы выполнены по проекту | D20: =Лист1!B16 -> АО "МОСИНЖПРОЕКТ" | G20: Шифр: | H20: =Лист1!B7 -> ИМ-19-4-Р-3.2Э-ЗП2
A22: 3. При выполнении работ применены Трубы | E22: =Лист1!B26 -> Труба "ПЭ тип "С" 110*6,3 техническая (L012) (паспорт качества от 23.08.2021г.)
A24: 4. Дата начала работ | D24: =Лист1!B8 -> 01.06.2024 г.
A26: 5. Дата окончания работ | D26: =Лист1!B9 -> 03.06.2024 г.
A28: РЕШЕНИЕ КОМИССИИ
A29: Работы выполнены в соответствии с проектом, стандартами, строительными нормами и отвечают требованиям их приемки.
A30: На основании изложенного разрешается производство последующих работ по прокладке кабельной линии
A35: =Лист1!C20 -> Представитель Южного РЭС АО "ОЭК" ____________________
A37: =Лист1!C21 -> Начальник участка ООО «Резонанс-Энерго» ______________________Борков Е.А

Sheet Сварка трубы
B1: Заказчик: | C1: =Лист1!B14 -> ГКУ «УДМС»
B2: Генподрядчик: | C2: =Лист1!B15 -> ООО «Резонанс-Энерго»
B3: Объект: | C3: =Лист1!B4 -> "Строительство улично-дорожной сети с искусственными сооружениями и переустройством инженерных коммуникаций на участке от ул. Маршала Шестопалова до Павелецкого направления Московской железной дороги"
B4: Дата: | C4: =Лист1!B11 -> 03.06.2024 г.
A6: АКТ
A7: сварки трубы
A9: Комиссия в составе представителей:
A11: =Лист1!B20 -> Представитель ЮРЭС АО "ОЭК"
A12: =Лист1!B21 -> Начальник участка ООО «Резонанс-Энерго» Борков Е.А
A13: =Лист1!B22
A14: Произвела осмотр работ выполненных | E14: =Лист1!B10 -> ООО «Резонанс-Энерго»
A15: и составила настоящий акт о нижеследующем:
A16: 1. К освидетельствованию и приемке предъявлены следующие работы
A17: сварка плетей труб для закрытого перехода | E17: =Лист1!B6 -> ГНБ № 10-1С | H17: выполняемого методом ГНБ
A18: Расположенного | C18: =Лист1!B5 -> По адресу: г. Москва, ул. Кантемировская, д.60
A20: 2. Количество предъявляемых сварочных стыков: | E20: =Лист1!H31 -> 6.6092308
A22: 3. Работы выполнены по проекту | D22: =Лист1!B16 -> АО "МОСИНЖПРОЕКТ" | G22: Шифр: | H22: =Лист1!B7 -> ИМ-19-4-Р-3.2Э-ЗП2
A24: 4. При выполнении работ применены Трубы | E24: =Лист1!B26 -> Труба "ПЭ тип "С" 110*6,3 техническая (L012) (паспорт качества от 23.08.2021г.)
A26: 5. Дата начала работ | D26: =Лист1!B8 -> 01.06.2024 г.
A28: 6. Дата окончания работ | D28: =Лист1!B9 -> 03.06.2024 г.
A30: РЕШЕНИЕ КОМИССИИ
A31: Работы выполнены в соответствии с проектом, стандартами, строительными нормами и отвечают требованиям их приемки.
A32: На основании изложенного разрешается затяжка пэ труб в скважину закрытого перехода.
A37: =Лист1!C20 -> Представитель Южного РЭС АО "ОЭК" ____________________
A39: =Лист1!C21 -> Начальник участка ООО «Резонанс-Энерго» ______________________Борков Е.А

Sheet Опись
B1: Заказчик: | C1: =Лист1!B14 -> ГКУ «УДМС»
B2: Генподрядчик: | C2: =Лист1!B15 -> ООО «Резонанс-Энерго»
B3: Объект: | C3: =Лист1!B4 -> "Строительство улично-дорожной сети с искусственными сооружениями и переустройством инженерных коммуникаций на участке от ул. Маршала Шестопалова до Павелецкого направления Московской железной дороги"
B4: Дата: | C4: =Лист1!B11 -> 03.06.2024 г.
A6: ИНВЕНТАРНАЯ ОПИСЬ
A7: ЭЛЕМЕНТОВ ЗАКРЫТОГО ПЕРЕХОДА
A8: Закрытый переход | C8: =Лист1!B6 -> ГНБ № 10-1С
A9: Расположенный | C9: =Лист1!B5 -> По адресу: г. Москва, ул. Кантемировская, д.60
A11: =Лист1!A31 -> ГНБ № 10-1С
A12: № п.п. | B12: Материалы | J12: Ед. изм. | K12: Кол-во
A13: 1 | B13: Труба | C13: =Лист1!B26 -> Труба "ПЭ тип "С" 110*6,3 техническая (L012) (паспорт качества от 23.08.2021г.) | J13: м.п. | K13: =Лист1!E31 -> 85.92
A14: 2 | B14: Капроновый шнур | J14: м.п. | K14: =K13 -> 85.92
A15: 3 | B15: Заглушки | C15: =Лист1!B27 -> d=110 мм. | J15: шт | K15: =Лист1!D31*2 -> 4
A20: =Лист1!C23
A22: =Лист1!C21 -> Начальник участка ООО «Резонанс-Энерго» ______________________Борков Е.А | B22: =CONCATENATE("Строительство ",Лист1!B6," методом ГНБ") -> Строительство ГНБ № 10-1С методом ГНБ
A24: =Лист1!C20 -> Представитель Южного РЭС АО "ОЭК" ____________________
