Workbook

Sheet Лист1
A1: ШАБЛОН АКТОВ ГНБ — Лист1 (заполняется ботом)
A2: ИДЕНТИФИКАЦИЯ
A3: Наименование объекта (КЛ ГНБ) | B3: ЗП № 3-3 г. Москва, Огородный проезд, 19
A4: Название стройки / объект | B4: «Выполнение работ по прокладке КЛ методом горизонтального направленного бурения по объекту: «Резервирование электроснабжения РП 70046».
A5: Адрес | B5: г. Москва, Огородный проезд, 19
A6: Номер ГНБ перехода | B6: ЗП № 3-3
A7: Номер/шифр проекта | B7: 04-ОЭКСТ-КС-25-ТКР.1
A8: Дата начала работ | B8: «6» октября 2025 г.
A9: Дата окончания работ | B9: «21» октября 2025 г.
A10: Исполнитель (организация) | B10: ООО «СПЕЦИНЖСТРОЙ»
A11: Дата завершения работ | B11: «21» октября 2025 г.
A13: ОРГАНИЗАЦИИ
A14: Заказчик | B14: АО «ОЭК»
A15: Подрядчик | B15: ООО «СПЕЦИНЖСТРОЙ»
A16: Проектировщик | B16: ООО «СПЕЦИНЖСТРОЙ»
A18: ПОДПИСАНТЫ
A19: Кто | B19: Описание (организация + должность + ФИО) | C19: Подпись для актов (с чертой)
A20: Подписант 1 (заказчик) | B20: Представитель АО «ОЭК» Мастер по ЭРС СВРЭС Акимов Ю.О. | C20: Представитель АО «ОЭК» ____________________Акимов Ю.О.
A21: Подписант 2 (подрядчик) | B21: Представитель субподрядной организации ООО «СПЕЦИНЖСТРОЙ» Начальник участка Щеглов Р.А. | C21: Начальник участка ООО «СПЕЦИНЖСТРОЙ» ______________________Щеглов Р.А.
A22: Подписант 3 (опцион.) | B22: Представитель подрядной организации АНО "ОЭК Стройтрест" Начальник участка Буряк А.М. | C22: Начальник участка АНО "ОЭК Стройтрест" ______________________Буряк А.М.
A23: Тех.надзор (= подп. 1?) | B23: Представитель АО «ОЭК» Мастер по ЭРС СВРЭС Акимов Ю.О.
A24: Подписант 3: если пусто — не печатается на листах
A25: ТРУБА
A26: Марка трубы (полная, с паспортом) | B26: Труба ЭЛЕКТРОПАЙП 225/170-N 1250 F2 SDR 13,6
A27: Диаметр трубы | B27: d=225
A29: ПАРАМЕТРЫ ГНБ
A30: Номер ГНБ | B30: L план | C30: L профиль | D30: Кол-во труб | E30: L трубы | F30: d скв | G30: Конфигурация | H30: Стыки
A31: ЗП № 3-3 | C31: 128.2 | D31: 2 | E31: =C31*D31 | G31: 2тр. D=225мм. | H31: =E31/13
A32: ↑ Данные из этой таблицы используются в АОСР

Sheet Разбивка
B1: Заказчик: | C1: =Лист1!B14
B2: Подрядчик: | C2: =Лист1!B15
B3: Объект: | C3: =Лист1!B4
B4: Дата: | C4: =Лист1!B11
A6: АКТ
A7: разбивки закрытого перехода методом ГНБ
A9: Комиссия в составе представителей:
A11: Инженер-геодезист ООО "Резонанс-Энерго" Минаков Н.А.
A12: =Лист1!B21
A13: Представитель ЮРЭС АО "ОЭК"
A14: составили настоящий акт о том, что произведена геодезическая разбивка закрытого перехода | J14: =Лист1!B6
A15: выполняемого методом ГНБ | D15: =Лист1!B5
A17: Выполнены следующие работы:
A18: -привязка и разбивка приемного и рабочего котлованов к зданиям и сооружениям;
A19: -геодезическая разбивка осей перехода;
A21: Геодезические работы на устройство закрытого перехода | F21: =Лист1!B6 | I21: методом ГНБ выполнены
A22: в соответствии с СП 126.13330.2017 Геодезические работы в строительстве.
A28: =Лист1!C21
A31: =Лист1!C22
A33: Представитель ЮРЭС АО "ОЭК" ________________

Sheet Герметизация
B1: Заказчик: | C1: =Лист1!B14
B2: Генподрядчик: | C2: =Лист1!B15
B3: Объект: | C3: =Лист1!B4
B4: Дата: | C4: =Лист1!B11
A6: АКТ
A7: герметизации концов труб закрытого перехода
A9: Комиссия в составе представителей:
A11: =Лист1!B20
A12: =Лист1!B21
A14: Произвела осмотр работ выполненных | E14: =Лист1!B10
A15: и составила настоящий акт о нижеследующем:
A16: 1. К освидетельствованию и приемке предъявлены следующие работы
A17: Герметизация концов труб закрытого перехода | F17: =Лист1!B6 | I17: выполненного методом ГНБ
A18: Расположенного | C18: =Лист1!B5
A20: 2. Работы выполнены по проекту | D20: =Лист1!B16 | G20: Шифр: | H20: =Лист1!B7
A22: 3. При выполнении работ применены заглушки | E22: =Лист1!B27
A24: 4. Дата начала работ | D24: =Лист1!B8
A26: 5. Дата окончания работ | D26: =Лист1!B9
A28: РЕШЕНИЕ КОМИССИИ
A29: Работы выполнены в соответствии с проектом, стандартами, строительными нормами и отвечают требованиям их приемки.
A30: На основании изложенного разрешается обратная засыпка приемного и рабочего котлована строительным песком.
A35: =Лист1!C20
A37: =Лист1!C21

Sheet АОСР 
B1: Заказчик: | C1: =Лист1!B14
B2: Генподрядчик: | C2: =Лист1!B15
B3: Объект: | C3: =Лист1!B4
B4: Дата: | C4: =Лист1!B11
A6: АКТ
A7: На скрытые работы закрытого перехода выполненного методом ГНБ
A9: Комиссия в составе представителей:
A11: =Лист1!B20
A12: =Лист1!B21
A14: составили настоящий акт о том, что осмотрены выполненные работы по строительству закрытого перехода
A15: =Лист1!B6 | D15: методом ГНБ | F15: =Лист1!B5
A17: При осмотре установлено:
A18: 1. | B18: Длина закрытого перехода | D18: =Лист1!A31 | E18: по плану | F18: =Лист1!B31 | G18: по профилю | H18: =Лист1!C31
A19: 2 | B19: Количество трубоканалов | D19: =Лист1!A31 | E19: =Лист1!D31
A20: 3 | B20: Общая длина трубоканалов | D20: =Лист1!A31 | E20: =Лист1!E31
A21: 4 | B21: Труба марки | D21: =Лист1!B26
A22: 5 | B22: Заглушки установлены
A23: 6 | B23: Трубоканалы пронумерованы, загерметизированы и проходимы
A24: 7 | B24: Работы выполнены согласно проекта с качеством, удовлетворяющим заказчика
A26: Работы по устройство закрытого перехода | E26: =Лист1!B6 | H26: методом ГНБ выполнены в соответствии
A27: с СП 48.13330.2019 СНиП 12.01-2004 Организация строительства.
A32: =Лист1!C20
A34: =Лист1!C21

Sheet Надзор
B1: Заказчик: | C1: =Лист1!B14
B2: Генподрядчик: | C2: =Лист1!B15
B3: Объект: | C3: =Лист1!B4
B4: Дата: | C4: =Лист1!B11
A6: АКТ
A7: Технического надзора по устройству закрытого перехода методом ГНБ
A9: Комиссия в составе представителей:
A11: =Лист1!B20
A12: =Лист1!B21
A14: Произвела осмотр работ выполненных | E14: =Лист1!B10
A15: 1. Устройство закрытого перехода методом ГНБ | E15: =Лист1!B6
A16: производилось под непрерывным техническим надзором персонала
A17: =Лист1!B23 | H17: Все технические указания
A18: уполномоченных лиц выполнены в полном объеме в соответствии с правилами устройства закрытых переходов
A19: и производственных инструкций.
A20: Технические хар-ки ГНБ Машины: DDW 36/13 , мощностью, кВт – 140
A21: Качество работ удовлетворительно.
A23: 2. Работы выполнены по проекту | D23: =Лист1!B16 | G23: Шифр: | H23: =Лист1!B7
A25: 3. При выполнении работ применены Трубы | E25: =Лист1!B26
A27: 4. Дата начала работ | D27: =Лист1!B8
A29: 5. Дата окончания работ | D29: =Лист1!B9
A31: РЕШЕНИЕ КОМИССИИ
A32: Работы выполнены в соответствии с проектом, стандартами, строительными нормами и отвечают требованиям их приемки.
A33: На основании изложенного разрешается производство последующих работ по прокладке кабельной линии
A37: =Лист1!C20
A39: =Лист1!C21

Sheet Приемка
B1: Заказчик: | C1: =Лист1!B14
B2: Генподрядчик: | C2: =Лист1!B15
B3: Объект: | C3: =Лист1!B4
B4: Дата: | C4: =Лист1!B11
A6: АКТ
A7: технической приемки готового закрытого перехода
A9: Комиссия в составе представителей:
A11: =Лист1!B20
A12: =Лист1!B21
A14: Произвела осмотр работ выполненных | E14: =Лист1!B10
A15: и составила настоящий акт о нижеследующем:
A16: 1. К освидетельствованию и приемке предъявлены следующие работы
A17: устройство закрытого перехода | D17: =Лист1!B6 | G17: методом ГНБ
A18: =Лист1!B5
A20: 2. Работы выполнены по проекту | D20: =Лист1!B16 | G20: Шифр: | H20: =Лист1!B7
A22: 3. Дата начала работ | D22: =Лист1!B8
A24: 4. Дата окончания работ | D24: =Лист1!B9
A26: РЕШЕНИЕ КОМИССИИ
A27: Работы выполнены в соответствии с проектом, стандартами, строительными нормами и отвечают требованиям их приемки.
A28: На основании изложенного разрешается производство последующих работ по прокладке кабельной линии
A33: =Лист1!C20
A35: =Лист1!C21

Sheet ПП
B1: Заказчик: | C1: =Лист1!B14
B2: Генподрядчик: | C2: =Лист1!B15
B3: Объект: | C3: =Лист1!B4
B4: Дата: | C4: =Лист1!B11
A6: АКТ
A7: сдачи-приемки сооружения под прокладку КЛ
A9: Комиссия в составе представителей:
A11: =Лист1!B20
A12: =Лист1!B21
A14: Произвела осмотр работ выполненных | E14: =Лист1!B10
A15: и составила настоящий акт о нижеследующем:
A16: 1. К освидетельствованию и приемке предъявлены следующие работы
A17: Строительство закрытого перехода | D17: =Лист1!B6 | H17: выполненного методом ГНБ
A18: Расположенного | C18: =Лист1!B5
A20: 2. Работы выполнены по проекту | D20: =Лист1!B16 | G20: Шифр: | H20: =Лист1!B7
A22: 3. При выполнении работ применена труба | E22: =Лист1!B26
A24: 4. При выполнении работ применены заглушки | E24: =Лист1!B27
A26: 5. Дата начала работ | D26: =Лист1!B8
A28: 6. Дата окончания работ | D28: =Лист1!B9
A30: РЕШЕНИЕ КОМИССИИ
A31: Работы выполнены в соответствии с проектом, стандартами, строительными нормами и отвечают требованиям их приемки.
A32: На основании изложенного разрешается производство последующих работ по прокладке кабельной линии
A36: =Лист1!C20
A38: =Лист1!C21

Sheet Акт освид
A1: АКТ
A2: освидетельствования скрытых работ
A4: г. Москва | G4: =Лист1!B11
A6: Сооружение закрытого перехода | F6: =Лист1!B3
A7: (наименование работ)
A9: =Лист1!B4
A10: (наименование здания, сооружения)
A11: =Лист1!B5
A12: (район застройки, квартал, улица, № дома и корпуса)
A13: Комиссия в составе | C13: =Лист1!B23
A14: представителей: | C14: =Лист1!B20
A15: Ф.И.О., организация) | C15: =Лист1!B21
C16: =Лист1!B22
A18: Произвела осмотр работ выполненных | E18: =Лист1!B10
A19: и составила настоящий акт о нижеследующем:
B20: 1. К освидетельствованию и приемке предъявлены следующие работы_______________________.
A22: Устройство закрытого перехода | F22: =Лист1!B6
A23: (наименование скрытых работ)
B24: 2. Работы выполнены по проекту | F24: =Лист1!B7
A26: =Лист1!B16
A27: (проект серии, наименование проектной организации, № чертежей и дата их составления)
B28: 3. При выполнении работ применены следующие материалы:
A29: заглушки 225 мм трубы проходимы; капроновый шнур затянут; заглушки установлены
A30: (наименование материалов, конструкций с указанием марки, типа, категории качества и т.п.)
B31: 4. Дата начала работ | E31: =Лист1!B8
B33: 5. Дата окончания работ | E33: =Лист1!B9
A35: РЕШЕНИЕ КОМИССИИ
B37: Работы выполнены в соответствии с проектом, стандартами, строительными нормами и
A38: отвечают требованиям их приемки.
B39: На основании изложенного разрешается производство работ по устройству (монтажу)
A40: прокладку эл. кабеля в закрытый переход
B42: =Лист1!B20
B43: =Лист1!B23
B44: =Лист1!B21
B45: =Лист1!B22

Sheet Соосность
B1: Заказчик: | C1: =Лист1!B14
B2: Генподрядчик: | C2: =Лист1!B15
B3: Объект: | C3: =Лист1!B4
B4: Дата: | C4: =Лист1!B11
A6: АКТ
A7: проверки трубных переходов на соосность
A9: Комиссия в составе представителей:
A11: =Лист1!B20
A12: =Лист1!B21
A14: Произвела осмотр работ выполненных | E14: =Лист1!B10
A15: и составила настоящий акт о нижеследующем:
A16: 1. К освидетельствованию и приемке предъявлены следующие работы
A17: проверка на соосность труб закрытого перехода | F17: =Лист1!B6 | I17: выполненного методом ГНБ
A18: Расположенного | C18: =Лист1!B5
A20: 2. Работы выполнены по проекту | D20: =Лист1!B16 | G20: Шифр: | H20: =Лист1!B7
A22: 3. При выполнении работ применены Трубы | E22: =Лист1!B26
A24: 4. Дата начала работ | D24: =Лист1!B8
A26: 5. Дата окончания работ | D26: =Лист1!B9
A28: РЕШЕНИЕ КОМИССИИ
A29: Работы выполнены в соответствии с проектом, стандартами, строительными нормами и отвечают требованиям их приемки.
A30: На основании изложенного разрешается производство последующих работ по прокладке кабельной линии
A35: =Лист1!C20
A37: =Лист1!C21

Sheet Сварка трубы
B1: Заказчик: | C1: =Лист1!B14
B2: Генподрядчик: | C2: =Лист1!B15
B3: Объект: | C3: =Лист1!B4
B4: Дата: | C4: =Лист1!B11
A6: АКТ
A7: сварки трубы
A9: Комиссия в составе представителей:
A11: =Лист1!B20
A12: =Лист1!B21
A13: =Лист1!B22
A14: Произвела осмотр работ выполненных | E14: =Лист1!B10
A15: и составила настоящий акт о нижеследующем:
A16: 1. К освидетельствованию и приемке предъявлены следующие работы
A17: сварка плетей труб для закрытого перехода | E17: =Лист1!B6 | H17: выполняемого методом ГНБ
A18: Расположенного | C18: =Лист1!B5
A20: 2. Количество предъявляемых сварочных стыков: | E20: =Лист1!H31
A22: 3. Работы выполнены по проекту | D22: =Лист1!B16 | G22: Шифр: | H22: =Лист1!B7
A24: 4. При выполнении работ применены Трубы | E24: =Лист1!B26
A26: 5. Дата начала работ | D26: =Лист1!B8
A28: 6. Дата окончания работ | D28: =Лист1!B9
A30: РЕШЕНИЕ КОМИССИИ
A31: Работы выполнены в соответствии с проектом, стандартами, строительными нормами и отвечают требованиям их приемки.
A32: На основании изложенного разрешается затяжка пэ труб в скважину закрытого перехода.
A37: =Лист1!C20
A39: =Лист1!C21

Sheet Опись
B1: Заказчик: | C1: =Лист1!B14
B2: Генподрядчик: | C2: =Лист1!B15
B3: Объект: | C3: =Лист1!B4
B4: Дата: | C4: =Лист1!B11
A6: ИНВЕНТАРНАЯ ОПИСЬ
A7: ЭЛЕМЕНТОВ ЗАКРЫТОГО ПЕРЕХОДА
A8: Закрытый переход | C8: =Лист1!B6
A9: Расположенный | C9: =Лист1!B5
A11: =Лист1!A31
A12: № п.п. | B12: Материалы | J12: Ед. изм. | K12: Кол-во
A13: 1 | B13: Труба | C13: =Лист1!B26 | J13: м.п. | K13: =Лист1!E31
A14: 2 | B14: Капроновый шнур | J14: м.п. | K14: =K13
A15: 3 | B15: Заглушки | C15: =Лист1!B27 | J15: шт | K15: =Лист1!D31*2
A20: =Лист1!C23
A22: =Лист1!C21
A24: =Лист1!C20
