Workbook

Sheet Лист1
A2: ГНБ 10-1С г. Москва, ул. Кантемировская, д.60
A4: "Строительство улично-дорожной сети с искусственными сооружениями и переустройством инженерных коммуникаций на участке от ул. Маршала Шестопалова до Павелецкого направления Московской железной дороги" | H4: ОБЪЕКТ
A6: По адресу: г. Москва, ул. Кантемировская, д.60 | G6: Адрес
A9: Представитель ЮРЭС АО "ОЭК" | L9: Эксплуатация
A10: Начальник участка ООО «Резонанс-Энерго» Борков Е.А | L10: Ген.подрядчик
L11: Субподрядчик
A13: ГНБ № 10-1С | D13: № закрытого перехода без адреса
A15: ИМ-19-4-Р-3.2Э-ЗП2 | D15: № проекта
A17: АО "МОСИНЖПРОЕКТ" | D17: Проектировщик
A19: 01.06.2024 г. | D19: Начало работ
A21: 03.06.2024 г. | D21: Окончание работ
A23: ООО «Резонанс-Энерго»
A25: 03.06.2024 г. | D25: Дата завершения работ
A27: Представитель Южного РЭС АО "ОЭК" и АО "ОЭК" | H27: Для акта тех. Надзора
L29: Представители с местом для подписи
A30: Представитель Южного РЭС АО "ОЭК" ____________________
A31: Начальник участка ООО «Резонанс-Энерго» ______________________Борков Е.А | G31: Борков Е.А
A32: Инженер-геодезист ООО «Резонанс-Энерго» ______________________Минаков Н.А.
A35: ГКУ «УДМС» | L35: Заказчик
A36: ООО «Резонанс-Энерго» | L36: Генподрядчик
L37: Субподрядчик
A39: Труба "ПЭ тип "С" 110*6,3 техническая (L012) (паспорт качества от 23.08.2021г.)
A40: d=110 мм. | L40: Заглушки
B42: план | C42: профиль | D42: трубы | E42: L трубы | F42: d скв | G42: конфиг | H42: стыки | I42: Для заполнения АОСР
A43: ГНБ № 10-1С | B43: 40.81 | C43: 42.96 | D43: 2 | E43: =C43*D43 -> 85.92 | F43: 300 | G43: 2тр. D=110мм. | H43: =E43/13 -> 6.6092308

Sheet Разбивка
B1: Заказчик: | C1: =Лист1!A35 -> ГКУ «УДМС»
B2: Подрядчик: | C2: =Лист1!A36 -> ООО «Резонанс-Энерго»
B3: Объект: | C3: =Лист1!A4 -> "Строительство улично-дорожной сети с искусственными сооружениями и переустройством инженерных коммуникаций на участке от ул. Маршала Шестопалова до Павелецкого направления Московской железной дороги"
B4: Дата: | C4: =Лист1!A25 -> 03.06.2024 г.
A6: АКТ
A7: разбивки закрытого перехода методом ГНБ
A9: Комиссия в составе представителей:
A11: Инженер-геодезист ООО "Резонанс-Энерго" Минаков Н.А.
A12: =Лист1!A10 -> Начальник участка ООО «Резонанс-Энерго» Борков Е.А
A13: Представитель ЮРЭС АО "ОЭК"
A14: составили настоящий акт о том, что произведена геодезическая разбивка закрытого перехода | J14: =Лист1!A13 -> ГНБ № 10-1С
A15: выполняемого методом ГНБ | D15: =Лист1!A6 -> По адресу: г. Москва, ул. Кантемировская, д.60
A17: Выполнены следующие работы:
A18: -привязка и разбивка приемного и рабочего котлованов к зданиям и сооружениям;
A19: -геодезическая разбивка осей перехода;
A21: Геодезические работы на устройство закрытого перехода | F21: =Лист1!A13 -> ГНБ № 10-1С | I21: методом ГНБ выполнены
A22: в соответствии с СП 126.13330.2017 Геодезические работы в строительстве.
A28: =Лист1!A31 -> Начальник участка ООО «Резонанс-Энерго» ______________________Борков Е.А
A31: =Лист1!A32 -> Инженер-геодезист ООО «Резонанс-Энерго» ______________________Минаков Н.А.
A33: Представитель ЮРЭС АО "ОЭК" ________________

Sheet Герметизация
B1: Заказчик: | C1: =Лист1!A35 -> ГКУ «УДМС»
B2: Генподрядчик: | C2: =Лист1!A36 -> ООО «Резонанс-Энерго»
B3: Объект: | C3: =Лист1!A4 -> "Строительство улично-дорожной сети с искусственными сооружениями и переустройством инженерных коммуникаций на участке от ул. Маршала Шестопалова до Павелецкого направления Московской железной дороги"
B4: Дата: | C4: =Лист1!A25 -> 03.06.2024 г.
A6: АКТ
A7: герметизации концов труб закрытого перехода
A9: Комиссия в составе представителей:
A11: =Лист1!A9 -> Представитель ЮРЭС АО "ОЭК"
A12: =Лист1!A10 -> Начальник участка ООО «Резонанс-Энерго» Борков Е.А
A14: Произвела осмотр работ выполненных | E14: =Лист1!A23 -> ООО «Резонанс-Энерго»
A15: и составила настоящий акт о нижеследующем:
A16: 1. К освидетельствованию и приемке предъявлены следующие работы
A17: Герметизация концов труб закрытого перехода | F17: =Лист1!A13 -> ГНБ № 10-1С | I17: выполненного методом ГНБ
A18: Расположенного | C18: =Лист1!A6 -> По адресу: г. Москва, ул. Кантемировская, д.60
A20: 2. Работы выполнены по проекту | D20: =Лист1!A17 -> АО "МОСИНЖПРОЕКТ" | G20: Шифр: | H20: =Лист1!A15 -> ИМ-19-4-Р-3.2Э-ЗП2
A22: 3. При выполнении работ применены заглушки | E22: =Лист1!A40 -> d=110 мм.
A24: 4. Дата начала работ | D24: =Лист1!A19 -> 01.06.2024 г.
A26: 5. Дата окончания работ | D26: =Лист1!A21 -> 03.06.2024 г.
A28: РЕШЕНИЕ КОМИССИИ
A29: Работы выполнены в соответствии с проектом, стандартами, строительными нормами и отвечают требованиям их приемки.
A30: На основании изложенного разрешается обратная засыпка приемного и рабочего котлована строительным песком.
A35: =Лист1!A30 -> Представитель Южного РЭС АО "ОЭК" ____________________
A37: =Лист1!A31 -> Начальник участка ООО «Резонанс-Энерго» ______________________Борков Е.А

Sheet АОСР 
B1: Заказчик: | C1: =Лист1!A35 -> ГКУ «УДМС»
B2: Генподрядчик: | C2: =Лист1!A36 -> ООО «Резонанс-Энерго»
B3: Объект: | C3: =Лист1!A4 -> "Строительство улично-дорожной сети с искусственными сооружениями и переустройством инженерных коммуникаций на участке от ул. Маршала Шестопалова до Павелецкого направления Московской железной дороги"
B4: Дата: | C4: =Лист1!A25 -> 03.06.2024 г.
A6: АКТ
A7: На скрытые работы закрытого перехода выполненного методом ГНБ
A9: Комиссия в составе представителей:
A11: =Лист1!A9 -> Представитель ЮРЭС АО "ОЭК"
A12: =Лист1!A10 -> Начальник участка ООО «Резонанс-Энерго» Борков Е.А
A14: составили настоящий акт о том, что осмотрены выполненные работы по строительству закрытого перехода
A15: =Лист1!A13 -> ГНБ № 10-1С | D15: методом ГНБ | F15: =Лист1!A6 -> По адресу: г. Москва, ул. Кантемировская, д.60
A17: При осмотре установлено:
A18: 1. | B18: Длина закрытого перехода | D18: =Лист1!A43 -> ГНБ № 10-1С | E18: по плану | F18: =Лист1!B43 -> 40.81 | G18: по профилю | H18: =Лист1!C43 -> 42.96
A19: 2 | B19: Количество трубоканалов | D19: =Лист1!A43 -> ГНБ № 10-1С | E19: =Лист1!D43 -> 2
A20: 3 | B20: Общая длина трубоканалов | D20: =Лист1!A43 -> ГНБ № 10-1С | E20: =Лист1!E43 -> 85.92
A21: 4 | B21: Труба марки | D21: =Лист1!A39 -> Труба "ПЭ тип "С" 110*6,3 техническая (L012) (паспорт качества от 23.08.2021г.)
A22: 5 | B22: Заглушки установлены
A23: 6 | B23: Трубоканалы пронумерованы, загерметизированы и проходимы
A24: 7 | B24: Работы выполнены согласно проекта с качеством, удовлетворяющим заказчика
A26: Работы по устройство закрытого перехода | E26: =Лист1!A13 -> ГНБ № 10-1С | H26: методом ГНБ выполнены в соответствии
A27: с СП 48.13330.2019 СНиП 12.01-2004 Организация строительства.
A32: =Лист1!A30 -> Представитель Южного РЭС АО "ОЭК" ____________________
A34: =Лист1!A31 -> Начальник участка ООО «Резонанс-Энерго» ______________________Борков Е.А

Sheet Надзор
B1: Заказчик: | C1: =Лист1!A35 -> ГКУ «УДМС»
B2: Генподрядчик: | C2: =Лист1!A36 -> ООО «Резонанс-Энерго»
B3: Объект: | C3: =Лист1!A4 -> "Строительство улично-дорожной сети с искусственными сооружениями и переустройством инженерных коммуникаций на участке от ул. Маршала Шестопалова до Павелецкого направления Московской железной дороги"
B4: Дата: | C4: =Лист1!A25 -> 03.06.2024 г.
A6: АКТ
A7: Технического надзора по устройству закрытого перехода методом ГНБ
A9: Комиссия в составе представителей:
A11: =Лист1!A9 -> Представитель ЮРЭС АО "ОЭК"
A12: =Лист1!A10 -> Начальник участка ООО «Резонанс-Энерго» Борков Е.А
A14: Произвела осмотр работ выполненных | E14: =Лист1!A23 -> ООО «Резонанс-Энерго»
A15: 1. Устройство закрытого перехода методом ГНБ | E15: =Лист1!A13 -> ГНБ № 10-1С
A16: производилось под непрерывным техническим надзором персонала
A17: =Лист1!A27 -> Представитель Южного РЭС АО "ОЭК" и АО "ОЭК" | H17: Все технические указания
A18: уполномоченных лиц выполнены в полном объеме в соответствии с правилами устройства закрытых переходов
A19: и производственных инструкций.
A20: Технические хар-ки ГНБ Машины: DDW 36/13 , мощностью, кВт – 140
A21: Качество работ удовлетворительно.
A23: 2. Работы выполнены по проекту | D23: =Лист1!A17 -> АО "МОСИНЖПРОЕКТ" | G23: Шифр: | H23: =Лист1!A15 -> ИМ-19-4-Р-3.2Э-ЗП2
A25: 3. При выполнении работ применены Трубы | E25: =Лист1!A39 -> Труба "ПЭ тип "С" 110*6,3 техническая (L012) (паспорт качества от 23.08.2021г.)
A27: 4. Дата начала работ | D27: =Лист1!A19 -> 01.06.2024 г.
A29: 5. Дата окончания работ | D29: =Лист1!A21 -> 03.06.2024 г.
A31: РЕШЕНИЕ КОМИССИИ
A32: Работы выполнены в соответствии с проектом, стандартами, строительными нормами и отвечают требованиям их приемки.
A33: На основании изложенного разрешается производство последующих работ по прокладке кабельной линии
A37: =Лист1!A30 -> Представитель Южного РЭС АО "ОЭК" ____________________
A39: =Лист1!A31 -> Начальник участка ООО «Резонанс-Энерго» ______________________Борков Е.А

Sheet Приемка
B1: Заказчик: | C1: =Лист1!A35 -> ГКУ «УДМС»
B2: Генподрядчик: | C2: =Лист1!A36 -> ООО «Резонанс-Энерго»
B3: Объект: | C3: =Лист1!A4 -> "Строительство улично-дорожной сети с искусственными сооружениями и переустройством инженерных коммуникаций на участке от ул. Маршала Шестопалова до Павелецкого направления Московской железной дороги"
B4: Дата: | C4: =Лист1!A25 -> 03.06.2024 г.
A6: АКТ
A7: технической приемки готового закрытого перехода
A9: Комиссия в составе представителей:
A11: =Лист1!A9 -> Представитель ЮРЭС АО "ОЭК"
A12: =Лист1!A10 -> Начальник участка ООО «Резонанс-Энерго» Борков Е.А
A14: Произвела осмотр работ выполненных | E14: =Лист1!A23 -> ООО «Резонанс-Энерго»
A15: и составила настоящий акт о нижеследующем:
A16: 1. К освидетельствованию и приемке предъявлены следующие работы
A17: устройство закрытого перехода | D17: =Лист1!A13 -> ГНБ № 10-1С | G17: методом ГНБ
A18: =Лист1!A6 -> По адресу: г. Москва, ул. Кантемировская, д.60
A20: 2. Работы выполнены по проекту | D20: =Лист1!A17 -> АО "МОСИНЖПРОЕКТ" | G20: Шифр: | H20: =Лист1!A15 -> ИМ-19-4-Р-3.2Э-ЗП2
A22: 3. Дата начала работ | D22: =Лист1!A19 -> 01.06.2024 г.
A24: 4. Дата окончания работ | D24: =Лист1!A21 -> 03.06.2024 г.
A26: РЕШЕНИЕ КОМИССИИ
A27: Работы выполнены в соответствии с проектом, стандартами, строительными нормами и отвечают требованиям их приемки.
A28: На основании изложенного разрешается производство последующих работ по прокладке кабельной линии
A33: =Лист1!A30 -> Представитель Южного РЭС АО "ОЭК" ____________________
A35: =Лист1!A31 -> Начальник участка ООО «Резонанс-Энерго» ______________________Борков Е.А

Sheet ПП
B1: Заказчик: | C1: =Лист1!A35 -> ГКУ «УДМС»
B2: Генподрядчик: | C2: =Лист1!A36 -> ООО «Резонанс-Энерго»
B3: Объект: | C3: =Лист1!A4 -> "Строительство улично-дорожной сети с искусственными сооружениями и переустройством инженерных коммуникаций на участке от ул. Маршала Шестопалова до Павелецкого направления Московской железной дороги"
B4: Дата: | C4: =Лист1!A25 -> 03.06.2024 г.
A6: АКТ
A7: сдачи-приемки сооружения под прокладку КЛ
A9: Комиссия в составе представителей:
A11: =Лист1!A9 -> Представитель ЮРЭС АО "ОЭК"
A12: =Лист1!A10 -> Начальник участка ООО «Резонанс-Энерго» Борков Е.А
A14: Произвела осмотр работ выполненных | E14: =Лист1!A23 -> ООО «Резонанс-Энерго»
A15: и составила настоящий акт о нижеследующем:
A16: 1. К освидетельствованию и приемке предъявлены следующие работы
A17: Строительство закрытого перехода | D17: =Лист1!A13 -> ГНБ № 10-1С | H17: выполненного методом ГНБ
A18: Расположенного | C18: =Лист1!A6 -> По адресу: г. Москва, ул. Кантемировская, д.60
A20: 2. Работы выполнены по проекту | D20: =Лист1!A17 -> АО "МОСИНЖПРОЕКТ" | G20: Шифр: | H20: =Лист1!A15 -> ИМ-19-4-Р-3.2Э-ЗП2
A22: 3. При выполнении работ применена труба | E22: =Лист1!A39 -> Труба "ПЭ тип "С" 110*6,3 техническая (L012) (паспорт качества от 23.08.2021г.)
A24: 4. При выполнении работ применены заглушки | E24: =Лист1!A40 -> d=110 мм.
A26: 5. Дата начала работ | D26: =Лист1!A19 -> 01.06.2024 г.
A28: 6. Дата окончания работ | D28: =Лист1!A21 -> 03.06.2024 г.
A30: РЕШЕНИЕ КОМИССИИ
A31: Работы выполнены в соответствии с проектом, стандартами, строительными нормами и отвечают требованиям их приемки.
A32: На основании изложенного разрешается производство последующих работ по прокладке кабельной линии
A36: =Лист1!A30 -> Представитель Южного РЭС АО "ОЭК" ____________________
A38: =Лист1!A31 -> Начальник участка ООО «Резонанс-Энерго» ______________________Борков Е.А

Sheet Соосность
B1: Заказчик: | C1: =Лист1!A35 -> ГКУ «УДМС»
B2: Генподрядчик: | C2: =Лист1!A36 -> ООО «Резонанс-Энерго»
B3: Объект: | C3: =Лист1!A4 -> "Строительство улично-дорожной сети с искусственными сооружениями и переустройством инженерных коммуникаций на участке от ул. Маршала Шестопалова до Павелецкого направления Московской железной дороги"
B4: Дата: | C4: =Лист1!A25 -> 03.06.2024 г.
A6: АКТ
A7: проверки трубных переходов на соосность
A9: Комиссия в составе представителей:
A11: =Лист1!A9 -> Представитель ЮРЭС АО "ОЭК"
A12: =Лист1!A10 -> Начальник участка ООО «Резонанс-Энерго» Борков Е.А
A14: Произвела осмотр работ выполненных | E14: =Лист1!A23 -> ООО «Резонанс-Энерго»
A15: и составила настоящий акт о нижеследующем:
A16: 1. К освидетельствованию и приемке предъявлены следующие работы
A17: проверка на соосность труб закрытого перехода | F17: =Лист1!A13 -> ГНБ № 10-1С | I17: выполненного методом ГНБ
A18: Расположенного | C18: =Лист1!A6 -> По адресу: г. Москва, ул. Кантемировская, д.60
A20: 2. Работы выполнены по проекту | D20: =Лист1!A17 -> АО "МОСИНЖПРОЕКТ" | G20: Шифр: | H20: =Лист1!A15 -> ИМ-19-4-Р-3.2Э-ЗП2
A22: 3. При выполнении работ применены Трубы | E22: =Лист1!A39 -> Труба "ПЭ тип "С" 110*6,3 техническая (L012) (паспорт качества от 23.08.2021г.)
A24: 4. Дата начала работ | D24: =Лист1!A19 -> 01.06.2024 г.
A26: 5. Дата окончания работ | D26: =Лист1!A21 -> 03.06.2024 г.
A28: РЕШЕНИЕ КОМИССИИ
A29: Работы выполнены в соответствии с проектом, стандартами, строительными нормами и отвечают требованиям их приемки.
A30: На основании изложенного разрешается производство последующих работ по прокладке кабельной линии
A35: =Лист1!A30 -> Представитель Южного РЭС АО "ОЭК" ____________________
A37: =Лист1!A31 -> Начальник участка ООО «Резонанс-Энерго» ______________________Борков Е.А

Sheet Сварка трубы
B1: Заказчик: | C1: =Лист1!A35 -> ГКУ «УДМС»
B2: Генподрядчик: | C2: =Лист1!A36 -> ООО «Резонанс-Энерго»
B3: Объект: | C3: =Лист1!A4 -> "Строительство улично-дорожной сети с искусственными сооружениями и переустройством инженерных коммуникаций на участке от ул. Маршала Шестопалова до Павелецкого направления Московской железной дороги"
B4: Дата: | C4: =Лист1!A25 -> 03.06.2024 г.
A6: АКТ
A7: сварки трубы
A9: Комиссия в составе представителей:
A11: =Лист1!A9 -> Представитель ЮРЭС АО "ОЭК"
A12: =Лист1!A10 -> Начальник участка ООО «Резонанс-Энерго» Борков Е.А
A13: =Лист1!A11
A14: Произвела осмотр работ выполненных | E14: =Лист1!A23 -> ООО «Резонанс-Энерго»
A15: и составила настоящий акт о нижеследующем:
A16: 1. К освидетельствованию и приемке предъявлены следующие работы
A17: сварка плетей труб для закрытого перехода | E17: =Лист1!A13 -> ГНБ № 10-1С | H17: выполняемого методом ГНБ
A18: Расположенного | C18: =Лист1!A6 -> По адресу: г. Москва, ул. Кантемировская, д.60
A20: 2. Количество предъявляемых сварочных стыков: | E20: =Лист1!H43 -> 6.6092308
A22: 3. Работы выполнены по проекту | D22: =Лист1!A17 -> АО "МОСИНЖПРОЕКТ" | G22: Шифр: | H22: =Лист1!A15 -> ИМ-19-4-Р-3.2Э-ЗП2
A24: 4. При выполнении работ применены Трубы | E24: =Лист1!A39 -> Труба "ПЭ тип "С" 110*6,3 техническая (L012) (паспорт качества от 23.08.2021г.)
A26: 5. Дата начала работ | D26: =Лист1!A19 -> 01.06.2024 г.
A28: 6. Дата окончания работ | D28: =Лист1!A21 -> 03.06.2024 г.
A30: РЕШЕНИЕ КОМИССИИ
A31: Работы выполнены в соответствии с проектом, стандартами, строительными нормами и отвечают требованиям их приемки.
A32: На основании изложенного разрешается затяжка пэ труб в скважину закрытого перехода.
A37: =Лист1!A30 -> Представитель Южного РЭС АО "ОЭК" ____________________
A39: =Лист1!A31 -> Начальник участка ООО «Резонанс-Энерго» ______________________Борков Е.А

Sheet Опись
B1: Заказчик: | C1: =Лист1!A35 -> ГКУ «УДМС»
B2: Генподрядчик: | C2: =Лист1!A36 -> ООО «Резонанс-Энерго»
B3: Объект: | C3: =Лист1!A4 -> "Строительство улично-дорожной сети с искусственными сооружениями и переустройством инженерных коммуникаций на участке от ул. Маршала Шестопалова до Павелецкого направления Московской железной дороги"
B4: Дата: | C4: =Лист1!A25 -> 03.06.2024 г.
A6: ИНВЕНТАРНАЯ ОПИСЬ
A7: ЭЛЕМЕНТОВ ЗАКРЫТОГО ПЕРЕХОДА
A8: Закрытый переход | C8: =Лист1!A13 -> ГНБ № 10-1С
A9: Расположенный | C9: =Лист1!A6 -> По адресу: г. Москва, ул. Кантемировская, д.60
A11: =Лист1!A43 -> ГНБ № 10-1С
A12: № п.п. | B12: Материалы | J12: Ед. изм. | K12: Кол-во
A13: 1 | B13: Труба | C13: =Лист1!A39 -> Труба "ПЭ тип "С" 110*6,3 техническая (L012) (паспорт качества от 23.08.2021г.) | J13: м.п. | K13: =Лист1!E43 -> 85.92
A14: 2 | B14: Капроновый шнур | J14: м.п. | K14: =K13 -> 85.92
A15: 3 | B15: Заглушки | C15: =Лист1!A40 -> d=110 мм. | J15: шт | K15: =Лист1!D43*2 -> 4
A20: =Лист1!A33
A22: =Лист1!A31 -> Начальник участка ООО «Резонанс-Энерго» ______________________Борков Е.А
A24: =Лист1!A30 -> Представитель Южного РЭС АО "ОЭК" ____________________
